117,강민균,LG,내야수,17/7/00,178cm,81kg,강남초-서울이수중-덕수고-홍익대
59,강효종,LG,투수,14/10/02,184cm,86kg,저동초(일산서구리틀)-충암중-충암고
19,고우석,LG,투수,6/8/98,182cm,90kg,갈산초-양천중-충암고
116,곽민호,LG,내야수,23/12/04,184cm,90kg,역삼초-자양중-배명고
68,권동혁,LG,외야수,20/3/03,194cm,97kg,(천안유소년리틀)-온양중-라온고
12,김기연,LG,포수,7/9/97,178cm,95kg,광주수창초-진흥중-진흥고
109,김단우,LG,투수,5/1/01,188cm,96kg,서화초-석남중-성지고
34,김대현,LG,투수,8/3/97,188cm,100kg,홍연초(마포구리틀)-홍은중-선린인터넷고
16,김민성,LG,내야수,17/12/88,181cm,94kg,고명초-잠신중-덕수정보고-(영남사이버대)-롯데-히어로즈-키움
44,김범석,LG,포수,21/5/04,178cm,95kg,김해삼성초-경남중-경남고
105,김성우,LG,포수,15/11/03,180cm,85kg,성동초-건대부중-배재고
114,김성진,LG,포수,17/3/00,183cm,100kg,수원신곡초-매향중-야탑고
102,김성협,LG,내야수,29/1/99,187cm,88kg,백마초-홍은중-성남고
35,김영준,LG,투수,12/1/99,185cm,89kg,인천연학초-선린중-선린인터넷고
0,김유영,LG,투수,2/5/94,180cm,83kg,양정초-개성중-경남고-롯데-상무-롯데
47,김윤식,LG,투수,3/4/00,181cm,83kg,광주서석초-무등중-진흥고
115,김의준,LG,투수,16/10/99,183cm,80kg,학강초-광주동성중-광주동성고
5,김주성,LG,내야수,30/1/98,180cm,81kg,수원신곡초-덕수중-휘문고
40,김주완,LG,투수,27/8/03,189cm,96kg,감천초-대동중-경남고
42,김진성,LG,투수,7/3/85,186cm,92kg,인헌초-성남중-성남서고-SK-NC
25,김진수,LG,투수,31/8/98,179cm,82kg,이세초-군산중-군산상고-중앙대
120,김태우,LG,내야수,19/10/97,178cm,81kg,광주화정초-자양중-신일고-중앙대
110,김태형,LG,투수,17/9/98,190cm,98kg,솔빛초(용인수지구리틀)-대치중-선린인터넷고
22,김현수,LG,외야수,12/1/88,188cm,100kg,쌍문초-신일중-신일고-두산-볼티모어-필라델피아
2,문보경,LG,내야수,19/7/00,182cm,89kg,송중초(동대문구리틀)-덕수중-신일고
8,문성주,LG,외야수,20/2/97,175cm,78kg,포항서초-포항제철중-경북고-강릉영동대
27,박동원,LG,포수,7/4/90,178cm,92kg,양정초-개성중-개성고-히어로즈-상무-히어로즈-키움-KIA
39,박명근,LG,투수,27/3/04,174cm,75kg,수택초(구리리틀)-구리인창중-라온고
106,박민호,LG,포수,6/4/98,177cm,80kg,본리초-경상중-대구상원고-경남대
17,박해민,LG,외야수,24/2/90,180cm,75kg,영중초-양천중-신일고-한양대-삼성
36,배재준,LG,투수,24/11/94,188cm,80kg,본리초-경상중-대구상원고
61,백승현,LG,투수,26/5/95,183cm,78kg,소래초-상인천중-인천고
14,서건창,LG,내야수,22/8/89,176cm,84kg,송정동초-충장중-광주제일고-LG-히어로즈-키움
58,성동현,LG,투수,18/5/99,189cm,108kg,백마초-홍은중-장충고
125,성재헌,LG,투수,22/12/97,175cm,82kg,도신초-성남중-성남고-연세대
29,손주영,LG,투수,2/12/98,191cm,95kg,울산대현초-개성중-경남고
24,손호영,LG,내야수,23/8/94,182cm,88kg,의왕부곡초-평촌중-충훈고
63,송대현,LG,내야수,3/2/00,180cm,82kg,중대초-자양중-신일고-동국대
,송승기,LG,투수,10/4/02,181cm,90kg,삼일초-매향중-야탑고-LG-상무
46,송은범,LG,투수,17/3/84,182cm,93kg,서흥초-동산중-동산고-SK-KIA-한화
66,송찬의,LG,내야수,20/2/99,182cm,77kg,화곡초-선린중-선린인터넷고
4,신민재,LG,외야수,21/1/96,171cm,67kg,서흥초-동인천중-인천고
15,안익훈,LG,외야수,12/2/96,176cm,70kg,대전신흥초-충남중-대전고
123,양진혁,LG,투수,20/6/03,190cm,90kg,효제초-성남중-성남고
,엄태경,LG,내야수,3/5/03,184cm,83kg,광명광덕초(광명시리틀)-휘문중-휘문고
57,오석주,LG,투수,14/4/98,181cm,74kg,양정초-대천중-제주고
23,오스틴,LG,외야수,14/10/93,183cm,97kg,미국 Klein Collins(고)
10,오지환,LG,내야수,12/3/90,186cm,80kg,군산초-자양중-경기고
107,원상훈,LG,투수,23/10/04,192cm,95kg,모산초(홍성리틀)-외산중-한국KPOP고
54,유영찬,LG,투수,7/3/97,185cm,90kg,덕성초(안산리틀)-배명중-배명고-건국대
28,윤호솔,LG,투수,15/7/94,183cm,99kg,온양온천초-온양중-북일고-NC-한화
26,이민호,LG,투수,30/8/01,189cm,93kg,서울학동초-대치중-휘문고
112,이믿음,LG,투수,18/7/00,188cm,80kg,노암초-경포중-강릉고-강릉영동대
48,이상규,LG,투수,20/10/96,185cm,77kg,흥인초-청원중-청원고
55,이상영,LG,투수,3/12/00,192cm,95kg,부산수영초-개성중-부산고-LG-상무
37,이우찬,LG,투수,4/8/92,183cm,88kg,온양온천초-온양중-북일고-LG-경찰
52,이재원,LG,내야수,17/7/99,192cm,100kg,청주석교초-서울경원중-서울고
31,이정용,LG,투수,26/3/96,186cm,85kg,영일초-성남중-성남고-동아대
60,이준서,LG,외야수,18/11/04,187cm,85kg,역삼초-언북중-서울고
50,이지강,LG,투수,2/7/99,183cm,85kg,수원선일초-수원북중-소래고
100,이찬혁,LG,투수,19/8/98,187cm,90kg,도신초-강남중-서울고
32,이천웅,LG,외야수,20/10/88,182cm,90kg,군산남초-성일중-성남서고-고려대-LG-경찰
113,이철민,LG,내야수,22/2/04,177cm,95kg,강남초-선린중-선린인터넷고
108,임정균,LG,투수,10/5/04,190cm,92kg,양정초-대천중-부산고
20,임정우,LG,투수,2/4/91,183cm,77kg,서울도곡초-영동중-서울고-SK
1,임찬규,LG,투수,20/11/92,185cm,80kg,가동초-청원중-휘문고-LG-경찰
43,전준호,LG,포수,1/7/98,181cm,80kg,양도초-강남중-청원고
18,정우영,LG,투수,19/8/99,193cm,85kg,가평초-강남중-서울고
7,정주현,LG,내야수,13/10/90,176cm,76kg,대구대현초-경상중-대구고-LG-상무
101,조건희,LG,투수,26/3/02,184cm,84kg,계상초(노원구리틀)-상명중-서울고
49,조원태,LG,투수,10/5/03,186cm,92kg,토성초(강동구리틀)-건대부중-선린인터넷고
21,진해수,LG,투수,26/6/86,187cm,85kg,동삼초-경남중-부경고-KIA-상무-KIA-SK
13,최동환,LG,투수,19/9/89,184cm,83kg,인헌초-선린중-경동고
38,최민창,LG,외야수,16/4/96,179cm,76kg,강남초-선린중-신일고
56,최성훈,LG,투수,11/10/89,178cm,75kg,가동초-잠신중-경기고-경희대
62,최승민,LG,외야수,1/7/96,181cm,73kg,서울학동초-대치중-신일고-상무-NC
118,최원영,LG,외야수,18/7/03,174cm,76kg,부산수영초-사직중-부산고
53,최원태,LG,투수,7/1/97,184cm,104kg,인헌초(용산구리틀)-서울경원중-서울고-히어로즈-키움
67,최현준,LG,내야수,5/4/99,178cm,73kg,효제초-배재중-서울고
3,켈리,LG,투수,4/10/89,191cm,98kg,미국 Sarasota(고)
45,플럿코,LG,투수,3/10/91,190cm,95kg,미국 UCLA(대)
119,하영진,LG,투수,28/2/01,182cm,80kg,안산상록초-원주중-원주고
11,함덕주,LG,투수,13/1/95,181cm,78kg,일산초-원주중-원주고-두산
121,함창건,LG,외야수,18/8/01,176cm,83kg,백운초-충암중-충암고
30,허도환,LG,포수,31/7/84,176cm,87kg,서울학동초-서울이수중-서울고-단국대-두산-히어로즈-한화-SK-KT
111,허용주,LG,투수,5/6/03,194cm,88kg,사파초-마산동중-용마고
,허준혁,LG,투수,2/7/99,180cm,85kg,가평초(가평군리틀)-영동중-경기고-한일장신대-LG-상무
51,홍창기,LG,외야수,21/11/93,189cm,94kg,대일초-매송중-안산공고-건국대-LG-경찰
99,강건,KT,투수,12/7/04,183cm,85kg,원일초(영통구리틀)-매향중-장안고
5,강민성,KT,내야수,8/12/99,180cm,85kg,대구옥산초-경상중-경북고
50,강백호,KT,내야수,29/7/99,184cm,98kg,부천북초-서울이수중-서울고
55,강현우,KT,포수,13/4/01,180cm,90kg,원종초(부천시리틀)-부천중-유신고
9,고명성,KT,내야수,16/4/99,178cm,68kg,군산남초-군산남중-군산상고
1,고영표,KT,투수,16/9/91,187cm,88kg,광주대성초-광주동성중-화순고-동국대
,권성준,KT,투수,9/3/03,185cm,88kg,대구옥산초-경복중-경북고
49,김건웅,KT,투수,12/4/04,187cm,90kg,서울영화초-성남중-성남고
40,김건형,KT,외야수,12/7/96,182cm,83kg,먼우금초-Lesbois(중)-Timberline(고)-Boise State(대)
11,김민,KT,투수,14/4/99,185cm,88kg,인천숭의초-평촌중-유신고-KT-상무
26,김민수,KT,투수,24/7/92,188cm,80kg,청원초-청원중-청원고-성균관대-KT-상무
53,김민혁,KT,외야수,21/11/95,181cm,71kg,광주서석초-배재중-배재고-KT-상무
97,김병준,KT,외야수,3/7/03,175cm,80kg,창촌초(안산리틀)-안산중앙중-유신고
14,김병희,KT,내야수,6/12/90,180cm,82kg,창영초-신흥중-동산고-동국대
7,김상수,KT,내야수,23/3/90,175cm,68kg,대구옥산초-경복중-경북고-삼성
100,김성훈,KT,투수,25/2/96,181cm,82kg,문화초(고양시리틀)-양천중-경동고-원광대
48,김영현,KT,투수,18/8/02,178cm,81kg,광주화정초-광주동성중-광주동성고
62,김재윤,KT,투수,16/9/90,185cm,91kg,서울도곡초-휘문중-휘문고
29,김정운,KT,투수,21/4/04,184cm,84kg,동천초-경주중-대구고
44,김준태,KT,포수,31/7/94,175cm,91kg,양정초-개성중-경남고-(영남사이버대)-롯데-상무-롯데
20,김태오,KT,투수,29/7/97,183cm,84kg,연현초-양천중-서울고-KT-상무
36,류현인,KT,내야수,8/11/00,174cm,80kg,광주수창초-진흥중-진흥고-단국대
33,문상인,KT,포수,31/1/98,185cm,79kg,김해삼성초-개성중-경남고
,문상준,KT,내야수,14/3/01,183cm,80kg,가동초-휘문중-휘문고
24,문상철,KT,외야수,6/4/91,184cm,85kg,중대초-잠신중-배명고-고려대-KT-상무
6,박경수,KT,내야수,31/3/84,178cm,80kg,미성초-성남중-성남고-LG
98,박민석,KT,내야수,13/4/00,180cm,77kg,성동초-덕수중-장충고
52,박병호,KT,내야수,10/7/86,185cm,107kg,영일초(광명리틀)-영남중-성남고-LG-상무-LG-히어로즈-미네소타-넥센-키움
45,박선우,KT,투수,12/7/97,188cm,91kg,용마초-창원신월중-부산고-롯데
47,박세진,KT,투수,27/6/97,178cm,93kg,본리초-경운중-경북고
46,박시영,KT,투수,10/3/89,180cm,88kg,축현초-인천신흥중-제물포고-(영남사이버대)-롯데
67,박시윤,KT,투수,8/3/99,185cm,90kg,울산대현초-마산제일중-용마고
60,박영현,KT,투수,11/10/03,183cm,91kg,부천북초-부천중-유신고
63,박준혁,KT,외야수,30/8/99,184cm,76kg,동오초(의정부리틀)-청량중-청원고
27,배정대,KT,외야수,12/6/95,185cm,80kg,도신초-성남중-성남고-(디지털문예대)-LG-KT-경찰
19,배제성,KT,투수,29/9/96,189cm,85kg,백마초-성남중-성남고-롯데
35,백선기,KT,투수,27/8/98,186cm,70kg,남도초-경상중-대구상원고
107,백현수,KT,투수,13/6/00,185cm,87kg,남도초-경상중-대구고-경희대
43,벤자민,KT,투수,26/7/93,188cm,95kg,미국 Kansas(대)
106,서경찬,KT,투수,8/3/01,188cm,96kg,효제초-배재중-선린인터넷고
30,소형준,KT,투수,16/9/01,189cm,92kg,호암초(의정부리틀)-구리인창중-유신고
41,손동현,KT,투수,23/1/01,183cm,88kg,염창초(강서구리틀)-덕수중-성남고-KT-상무
57,손민석,KT,내야수,21/6/04,177cm,70kg,감천초-개성중-경남고
12,송민섭,KT,외야수,2/8/91,177cm,80kg,청파초(안산리틀)-선린중-선린인터넷고-단국대-KT-상무
,슐서,KT,투수,5/5/94,188cm,88kg,미국 Dartmouth(대)
61,신범준,KT,투수,1/6/02,189cm,78kg,원일초(수원영통구리틀)-매향중-장안고
15,신병률,KT,투수,30/1/96,175cm,83kg,둔촌초-잠신중-휘문고-단국대
56,신본기,KT,내야수,21/3/89,179cm,88kg,감천초-경남중-경남고-동아대-롯데-경찰-롯데
8,안치영,KT,외야수,29/5/98,176cm,72kg,중동초(원미구리틀)-천안북중-북일고
25,알포드,KT,외야수,20/7/94,185cm,95kg,미국 Mississippi(대)
2,양승혁,KT,내야수,29/9/99,173cm,68kg,태랑초(남양주리틀)-청원중-서울고
18,엄상백,KT,투수,4/10/96,187cm,72kg,역삼초-언북중-덕수고-KT-상무
4,오윤석,KT,내야수,24/2/92,180cm,87kg,화중초-자양중-경기고-연세대-롯데-상무-롯데
65,윤강찬,KT,투수,24/4/98,185cm,72kg,사파초-김해내동중-김해고
109,이동관,KT,내야수,10/8/99,174cm,65kg,천안남산초-천안북중-장안고-원광대
37,이상동,KT,투수,24/11/95,181cm,88kg,대구옥산초-경복중-경북고-영남대
,이상우,KT,투수,14/10/03,190cm,95kg,연현초-수원북중-유신고
16,이상호,KT,내야수,5/2/89,180cm,82kg,대구옥산초-경운중-대구상원고-강릉영동대-NC-상무-NC-LG
68,이선우,KT,투수,19/9/00,186cm,90kg,수진초-매송중-유신고
13,이시원,KT,외야수,24/7/96,178cm,72kg,본리초-경운중-대구상원고-한화
51,이정현,KT,투수,5/12/97,188cm,93kg,무학초-마산동중-용마고
102,이정훈,KT,투수,8/9/00,183cm,80kg,부산수영초(해운대리틀)-센텀중-경남고
66,이종혁,KT,투수,29/5/97,190cm,86kg,대구옥산초-경복중-대구고
105,이준명,KT,투수,18/12/02,193cm,100kg,정목초(강서구리틀)-덕수중-성남고-동의대(얼리 드래프트)
101,이준희,KT,포수,6/1/04,183cm,85kg,중대초-잠신중-휘문고
17,이채호,KT,투수,23/11/98,185cm,85kg,동광초(김해리틀)-원동중-용마고-SK-SSG
34,이호연,KT,내야수,3/6/95,177cm,87kg,광주수창초-진흥중-광주제일고-성균관대-롯데
22,장성우,KT,포수,17/1/90,187cm,100kg,감천초-경남중-경남고-롯데-경찰-롯데
3,장준원,KT,내야수,21/11/95,183cm,77kg,경운초(김해리틀)-개성중-경남고-LG
64,전용주,KT,투수,12/2/00,188cm,87kg,양진초(안성시리틀)-성일중-안산공고
108,정우성,KT,포수,11/4/02,183cm,88kg,김해삼성초-원동중-포항제철고-동원과학대
93,정정우,KT,투수,13/1/04,185cm,83kg,활천초(김해리틀)-내동중-용마고
58,정준영,KT,외야수,26/1/04,173cm,73kg,도신초-강남중-장충고
104,정진호,KT,투수,20/9/04,181cm,79kg,서원초-세광중-청담고
42,조대현,KT,포수,6/8/99,183cm,81kg,길동초-매송중-유신고
39,조병욱,KT,투수,8/6/98,185cm,95kg,동양초(화성시리틀)-매향중-장안고-KT-경찰
23,조용호,KT,외야수,9/9/89,170cm,75kg,성동초-잠신중-야탑고-단국대-SK
54,조이현,KT,투수,27/6/95,185cm,95kg,송정동초-배재중-제주고-한화-SK-상무-SK-SSG
59,조현우,KT,투수,30/3/94,182cm,79kg,군산중앙초-군산중-군산상고-(전남과학대)-KT-롯데
38,주권,KT,투수,31/5/95,181cm,82kg,청주우암초-청주중-청주고
94,지강혁,KT,내야수,14/8/00,181cm,80kg,광주서석초-광주동성중-광주동성고
,최동희,KT,외야수,26/7/03,184cm,80kg,연지초(노원구리틀)-상명중-장충고
69,최성민,KT,외야수,5/7/02,179cm,84kg,송정동초-무등중-광주동성고
110,최정태,KT,외야수,10/9/99,183cm,93kg,성동초-휘문중-휘문고-중앙대
32,쿠에바스,KT,투수,14/10/90,188cm,98kg,베네수엘라 Universidad De Carabobo(대)
28,하준호,KT,투수,29/4/89,174cm,78kg,하단초-대동중-경남고-롯데
96,한민우,KT,투수,27/4/99,177cm,82kg,동일중앙초-경남중-경남고
95,한지용,KT,포수,20/7/01,184cm,90kg,화곡초-영남중-신일고
31,홍현빈,KT,외야수,29/8/97,174cm,70kg,수원신곡초-매송중-유신고-KT-상무
103,황의준,KT,외야수,6/4/02,185cm,95kg,칠성초-경복중-경북고-수성대
10,황재균,KT,내야수,28/7/87,183cm,96kg,사당초-서울이수중-경기고-현대-히어로즈-롯데-샌프란시스코
23,강매성,SSG,투수,8/6/03,187cm,94kg,상탄초(일산동구리틀)-개군중-공주고
28,강진성,SSG,외야수,19/10/93,176cm,89kg,가동초-잠신중-경기고-NC-경찰-NC-두산
12,고명준,SSG,내야수,8/7/02,185cm,94kg,서원초-세광중-세광고-SK
15,고효준,SSG,투수,8/2/83,179cm,81kg,서원초-세광중-세광고-롯데-SK-KIA-롯데-LG
0,김강민,SSG,외야수,13/9/82,182cm,87kg,본리초-대구중-경북고-SK
44,김건웅,SSG,내야수,8/5/00,186cm,118kg,광주대성초-광양진월중-화순고-연세대
3,김건이,SSG,포수,15/5/01,183cm,90kg,강남초-선린중-선린인터넷고-강릉영동대
29,김광현,SSG,투수,22/7/88,188cm,88kg,덕성초(안산리틀)-안산중앙중-안산공고-SK-세인트루이스
57,김규남,SSG,외야수,12/5/95,183cm,97kg,신남성초(용산구리틀)-홍은중-덕수고-고려대-상무
68,김도현,SSG,투수,24/5/03,179cm,89kg,삼송초-연세중-백송고
24,김민식,SSG,포수,28/6/89,180cm,80kg,양덕초-마산중-마산고-원광대-SK-상무-SK-KIA
93,김민준,SSG,내야수,20/3/04,181cm,78kg,순천북초-순천이수중-북일고
63,김성민,SSG,내야수,30/4/01,184cm,88kg,서울학동초-자양중-경기고-SK
6,김성현,SSG,내야수,9/3/87,172cm,72kg,송정동초-충장중-광주제일고-SK-상무-SK
,김재현,SSG,내야수,30/8/91,176cm,73kg,홍파초(도봉구리틀)-건대부중-배명고-한양대-삼성-경찰-삼성
65,김정민,SSG,외야수,7/3/04,180cm,75kg,광안초(부산수영구리틀)-경남중-경남고
11,김주온,SSG,투수,8/12/96,187cm,89kg,울산대현초-구미중-울산공고-SK
21,김주한,SSG,투수,3/2/93,184cm,93kg,동천초-경주중-성남고-고려대-SK-상무
5,김준영,SSG,투수,18/11/03,178cm,83kg,변동초(대전중구리틀)-충남중-세광고
5,김찬형,SSG,내야수,29/12/97,178cm,90kg,양정초-경남중-경남고-NC-SSG-상무
66,김창평,SSG,외야수,14/6/00,183cm,78kg,학강초-무등중-광주제일고-SK
4,김태윤,SSG,내야수,28/2/03,170cm,60kg,창우초(하남시리틀)-배명중-배명고
51,김태훈,SSG,투수,19/5/90,176cm,88kg,동구초(구리리틀)-구리인창중-구리인창고-SK-상무-SK
38,노경은,SSG,투수,11/3/84,187cm,100kg,화곡초-성남중-성남고-두산-롯데
,로메로,SSG,투수,24/1/91,190cm,105kg,도미니카 Liceo Ramon Emilio Jimenez(고)
6,류현곤,SSG,투수,10/11/04,178cm,78kg,부춘초(서산시리틀)-공주중-청담고
95,류효승,SSG,외야수,16/7/96,190cm,100kg,칠성초-경상중-대구상원고-성균관대-SK
33,맥카티,SSG,투수,12/10/95,173cm,83kg,미국 Oak Grove(고)-미국 Southern Mississippi(대)
42,문승원,SSG,투수,28/11/89,180cm,88kg,가동초-배명중-배명고-고려대-SK-상무-SK
41,박민호,SSG,투수,25/2/92,185cm,95kg,동막초-동인천중-인천고-인하대-SK-상무-SK
64,박상후,SSG,투수,5/8/03,187cm,87kg,칠성초(수성리틀)-대구중-경북고
2,박성한,SSG,내야수,30/3/98,180cm,77kg,순천북초-여수중-효천고-SK-상무-SK
0,박세직,SSG,외야수,30/7/04,182cm,77kg,서울이수초-선린중-야탑고
46,박시후,SSG,투수,10/5/01,182cm,88kg,상인천초-상인천중-인천고-SK
50,박종훈,SSG,투수,13/8/91,186cm,90kg,군산중앙초-군산중-군산상고-SK-상무-SK
59,백승건,SSG,투수,29/10/00,183cm,85kg,동막초-상인천중-인천고-SK-상무
18,서동민,SSG,투수,7/3/94,186cm,90kg,율하초(동구리틀)-경복중-대구고-SK
61,서상준,SSG,투수,14/1/00,193cm,108kg,동일중앙초-야로중-영문고
22,서진용,SSG,투수,2/10/92,184cm,88kg,남부민초-대동중-경남고-상무-SK
98,송영진,SSG,투수,28/5/04,185cm,90kg,대전유천초-한밭중-대전고
49,신헌민,SSG,투수,19/7/02,187cm,88kg,학강초-광주동성중-광주동성고
10,안상현,SSG,내야수,27/1/97,178cm,74kg,사파초-선린중-용마고-SK-상무
97,안현서,SSG,투수,16/10/04,185cm,83kg,영일초-서울신월중-경기고
94,양선률,SSG,투수,15/4/97,186cm,91kg,학강초-화순중-화순고-동아대-SK
27,에레디아,SSG,외야수,31/1/91,178cm,88kg,쿠바 Eide Luis Agusto Tursios Lima
25,엘리아스,SSG,투수,1/8/88,185cm,92kg,쿠바 Omar Ranedo(고)
47,오원석,SSG,투수,23/4/01,182cm,80kg,수진초-매송중-야탑고-SK
37,오태곤,SSG,외야수,18/11/91,186cm,88kg,쌍문초-신월중-청원고-롯데-경찰-롯데-KT-SK
45,유호식,SSG,투수,11/5/99,190cm,104kg,서울청구초-덕수중-성남고-SK
30,윤태현,SSG,투수,10/10/03,189cm,93kg,상인천초-동인천중-인천고
36,이거연,SSG,내야수,15/6/97,186cm,92kg,(용산구리틀)-언북중-휘문고-홍익대-SK
16,이건욱,SSG,투수,13/2/95,182cm,85kg,신도초-동산중-동산고-SK
39,이기순,SSG,투수,14/5/03,174cm,74kg,서흥초-인천신흥중-동산고
92,이로운,SSG,투수,11/9/04,185cm,105kg,본리초-경복중-대구고
9,이승훈,SSG,투수,12/8/04,186cm,81kg,서울학동초-건대부중-배재고
,이원준,SSG,투수,2/7/98,190cm,98kg,서현초(용인수지구리틀)-매송중-야탑고-SK-상무
20,이재원,SSG,포수,24/2/88,185cm,98kg,인천숭의초-상인천중-인천고-SK-상무-SK
31,이정범,SSG,외야수,10/4/98,178cm,88kg,인천숭의초-동인천중-인천고
,이현석,SSG,포수,7/6/92,175cm,90kg,노암초-대헌중-제물포고-동국대-SK-경찰-SK
55,이흥련,SSG,포수,16/5/89,183cm,91kg,상탑초-매송중-야탑고-홍익대-삼성-경찰-두산-SK
48,임준섭,SSG,투수,16/7/89,181cm,88kg,부산대연초-부산중-개성고-경성대-KIA-한화
52,전경원,SSG,포수,18/3/99,184cm,95kg,연현초-성남중-성남고-SK-상무
,전영준,SSG,투수,16/4/02,192cm,110kg,부곡초-휘문중-대구고-SSG-상무
56,전의산,SSG,내야수,25/11/00,188cm,98kg,부산수영초-개성중-경남고-SK
9,전진우,SSG,내야수,4/4/96,174cm,81kg,상인천초-동인천중-동산고-연세대
62,정동윤,SSG,투수,22/10/97,193cm,103kg,덕성초(안산리틀)-중앙중-야탑고-SK-상무-SK
1,정성곤,SSG,투수,10/7/96,181cm,80kg,역삼초-휘문중-구리인창고-KT-상무-KT
8,조강희,SSG,투수,4/12/00,175cm,77kg,홍파초(의정부리틀)-평촌중-충훈고-연세대
43,조성훈,SSG,투수,22/3/99,188cm,85kg,응봉초(성동구리틀)-건대부중-청원고-SK-상무-SK
32,조형우,SSG,포수,4/4/02,187cm,95kg,송정동초-무등중-광주제일고-SK
60,채현우,SSG,외야수,21/11/95,182cm,80kg,칠성초-경복중-대구상원고-송원대-SK
58,최경모,SSG,내야수,17/6/96,168cm,73kg,본리초-경운중-경북고-홍익대-SK
67,최민준,SSG,투수,11/6/99,178cm,83kg,부산수영초-경남중-경남고-SK-상무-SK
8,최상민,SSG,외야수,20/8/99,178cm,75kg,석교초-청주중-북일고
19,최수호,SSG,투수,19/7/00,183cm,78kg,봉천초-배명중-북일고-SK
3,최유빈,SSG,내야수,5/5/03,183cm,83kg,양진초(광진구리틀)-건대부중-장충고
14,최정,SSG,내야수,28/2/87,180cm,90kg,대일초-평촌중-유신고-SK
53,최주환,SSG,내야수,28/2/88,178cm,73kg,학강초-광주동성중-광주동성고-두산-상무-두산-SK
7,최준우,SSG,내야수,25/3/99,176cm,78kg,방배초-대치중-장충고-SK-상무
54,최지훈,SSG,외야수,23/7/97,178cm,82kg,광주수창초-무등중-광주제일고-동국대-SK
4,최항,SSG,내야수,3/1/94,183cm,88kg,대일초-매송중-유신고-SK
17,추신수,SSG,외야수,13/7/82,180cm,97kg,부산수영초-부산중-부산고-SK
13,하재훈,SSG,외야수,29/10/90,182cm,90kg,양덕초-마산동중-용마고-SK
34,한두솔,SSG,투수,15/1/97,177cm,86kg,광주수창초-진흥중-광주제일고-일본 오샤이 리세이샤 전문대학-KT
35,한유섬,SSG,외야수,9/8/89,190cm,105kg,중앙초(해운대리틀)-대천중-경남고-경성대-SK-상무-SK
40,허민혁,SSG,투수,20/8/99,188cm,90kg,서당초-매향중-공주고-SK
102,강건준,NC,투수,14/7/03,186cm,84kg,중대초-배명중-배명고
,고승완,NC,,1/2/82,,,
59,구창모,NC,투수,17/2/97,183cm,85kg,천안남산초-덕수중-울산공고
35,권정웅,NC,포수,15/11/92,180cm,88kg,서울이수초-영동중-덕수고-한양대-삼성-상무-삼성
36,권희동,NC,외야수,30/12/90,177cm,85kg,동천초-경주중-경주고-경남대-NC-상무
,김녹원,NC,투수,17/5/03,182cm,88kg,학강초-무등중-광주제일고
,김민규,NC,,1/2/82,,,
100,김범준,NC,외야수,20/4/00,183cm,90kg,울산대현초-제일중-대구고
25,김성욱,NC,외야수,1/5/93,181cm,83kg,광주서림초-충장중-진흥고-NC-상무
,김세훈,NC,,1/2/82,,,
3,김수윤,NC,내야수,16/7/98,180cm,83kg,김해삼성초-개성중-부산고
21,김시훈,NC,투수,24/2/99,188cm,95kg,양덕초-마산동중-마산고
17,김영규,NC,투수,10/2/00,188cm,86kg,광주서석초-무등중-광주제일고
8,김재균,NC,투수,17/1/99,176cm,83kg,사당초-언북중-충암고-NC-상무
,김재민,NC,,1/2/82,,,
7,김주원,NC,내야수,30/7/02,185cm,83kg,삼일초(군포시리틀)-안산중앙중-유신고
107,김주환,NC,투수,29/10/04,186cm,95kg,여수서초-여수중-효천고
,김준상,NC,내야수,16/3/02,179cm,80kg,도신초-성남중-성남고
,김준원,NC,,1/2/82,,,
54,김진호,NC,투수,7/6/98,183cm,90kg,의왕부곡초-성일중-광주동성고-NC-경찰-NC
6,김철호,NC,내야수,6/2/98,182cm,87kg,서화초-재능중-율곡고
15,김태현,NC,투수,21/3/98,188cm,95kg,김해삼성초-내동중-김해고-NC-경찰
,김태호,NC,,1/2/82,,,
108,김택우,NC,내야수,12/6/00,171cm,75kg,수원신곡초-수원북중-유신고-연세대
68,김한별,NC,내야수,18/1/01,177cm,85kg,효제초-선린중-배재고
47,김형준,NC,포수,2/11/99,187cm,98kg,가동초-세광중-세광고-NC-상무
,김휘건,NC,,1/2/82,,,
63,노시훈,NC,투수,4/8/98,188cm,95kg,부산수영초-마산중-용마고
113,노재원,NC,투수,26/7/01,,,중대초-배명중-배명고
16,도태훈,NC,내야수,18/3/93,184cm,85kg,양정초-개성중-부산고-동의대-NC-상무
41,류진욱,NC,투수,10/10/96,189cm,88kg,양정초-개성중-부산고
55,마틴,NC,외야수,5/9/95,175cm,83kg,미국 Orange Lutheran(고)
73,목지훈,NC,투수,11/5/04,181cm,83kg,효제초-청량중-신일고
37,박건우,NC,외야수,8/9/90,184cm,80kg,역삼초-서울이수중-서울고-두산-경찰-두산
26,박대온,NC,포수,28/8/95,182cm,85kg,서울도곡초-서울이수중-휘문고
2,박민우,NC,내야수,6/2/93,185cm,80kg,마포초(용산구리틀)-선린중-휘문고
18,박석민,NC,내야수,22/6/85,178cm,88kg,율하초-경복중-대구고-삼성-상무-삼성
44,박성재,NC,포수,21/3/03,179cm,85kg,가고파초(창원리틀)-마산동중-용마고
10,박세혁,NC,포수,9/1/90,181cm,86kg,수유초-신일중-신일고-고려대-두산-상무-두산
28,박시원,NC,외야수,30/5/01,185cm,85kg,광주서림초-광주동성중-광주제일고
0,박영빈,NC,외야수,16/7/97,182cm,88kg,호원초(의정부리틀)-청량중-충암고-경희대
,박인우,NC,,1/2/82,,,
71,박주찬,NC,내야수,11/1/96,178cm,84kg,동막초-경포중-강릉고-동아대
111,박주현,NC,투수,3/8/99,185cm,85kg,철산초-영동중-충암고-KT
95,박지한,NC,투수,21/10/00,185cm,90kg,동일중앙초-부산중-개성고
,박찬희,NC,포수,19/1/01,180cm,95kg,청계초(노원구리틀)-청원중-청원고-인하대
92,박한결,NC,외야수,26/4/04,181cm,90kg,본리초-경복중-경북고
43,배민서,NC,투수,18/11/99,184cm,99kg,대구수창초-경운중-대구상원고-NC-상무
106,배상호,NC,외야수,12/3/04,181cm,75kg,남도초-경상중-경북고
61,배재환,NC,투수,24/2/95,186cm,100kg,가동초-잠신중-서울고-NC-상무
105,서동욱,NC,투수,26/2/04,177cm,80kg,신천초(송파구리틀)-대치중-신일고
58,서의태,NC,투수,5/9/97,194cm,115kg,묵동초(남양주리틀)-청량중-경기고-KT-넥센-키움
42,서준교,NC,내야수,23/5/03,181cm,83kg,거제제산초(거제리틀)-외포중-김해고
5,서호철,NC,내야수,16/10/96,179cm,85kg,순천남산초-순천이수중-효천고-동의대-NC-상무
31,손아섭,NC,외야수,18/3/88,174cm,84kg,양정초-개성중-부산고-롯데
11,송명기,NC,투수,9/8/00,191cm,93kg,양남초(하남시리틀)-건대부중-장충고
53,신민혁,NC,투수,4/2/99,184cm,95kg,염강초(강서구리틀)-매향중-야탑고
103,신성호,NC,내야수,28/9/03,178cm,76kg,김해삼성초-내동중-마산고
19,신영우,NC,투수,21/4/04,182cm,84kg,센텀초-센텀중-경남고
70,신용석,NC,포수,11/10/03,181cm,91kg,양덕초-마산동중-마산고
1,심창민,NC,투수,1/2/93,185cm,86kg,동삼초-경남중-경남고-삼성-상무-삼성
32,안중열,NC,포수,1/9/95,176cm,87kg,가야초-개성중-부산고-(영남사이버대)-KT-롯데-상무-롯데
34,오영수,NC,내야수,30/1/00,178cm,93kg,사파초-신월중-용마고-NC-상무
38,오장한,NC,외야수,20/5/02,185cm,90kg,희망대초-매향중-장안고
50,오태양,NC,내야수,25/4/02,178cm,67kg,방배초-대치중-청원고
,원종해,NC,,1/2/82,,,
52,윤형준,NC,내야수,31/1/94,186cm,97kg,광주서림초-무등중-진흥고-NC-경찰-LG
29,이민호,NC,투수,11/8/93,185cm,90kg,부산수영초-부산중-부산고
67,이승헌,NC,투수,20/12/95,180cm,93kg,성동초-잠신중-신일고-고려대
48,이용준,NC,투수,8/5/02,180cm,95kg,중대초-양천중-서울디자인고
22,이용찬,NC,투수,2/1/89,185cm,85kg,신원초-양천중-장충고-두산-상무-두산
45,이우석,NC,투수,16/4/96,185cm,80kg,군산남초-군산남중-군산상고-NC-상무
,이인혁,NC,외야수,3/1/99,183cm,89kg,불암초(노원구리틀)-상명중-덕수고
51,이재학,NC,투수,4/10/90,181cm,84kg,대구옥산초-경복중-대구고-두산
112,이종준,NC,투수,9/3/01,191cm,93kg,군산중앙초-군산남중-군산상고
72,이주형,NC,투수,20/12/02,195cm,104kg,서울신사초(서대문구리틀)-충암중-충암고
,이준혁,NC,투수,30/6/03,184cm,87kg,용인포곡초(처인구리틀)-성일중-율곡고
96,이준호,NC,투수,27/3/00,181cm,85kg,부산인지초(해운대리틀)-센텀중-경남고-성균관대
,이한,NC,내야수,25/8/03,181cm,83kg,안산해양초(안산리틀)-수원북중-유신고
65,이현우,NC,투수,5/5/03,183cm,90kg,용인새빛초(용인수지구리틀)-서울이수중-배명고
,임상현,NC,,1/2/82,,,
30,임정호,NC,투수,16/4/90,188cm,90kg,성동초-잠신중-신일고-성균관대-NC-상무
69,임지민,NC,투수,11/10/03,185cm,82kg,가평목동초(가평리틀)-춘천중-강원고
109,임형원,NC,투수,15/9/01,183cm,73kg,시흥계수초(소사리틀)-동산중-인천고
14,전루건,NC,투수,9/6/00,185cm,80kg,도신초-충암중-부천고-두산
57,전사민,NC,투수,6/7/99,194cm,85kg,연서초(부산동래구리틀)-대신중-부산정보고-NC-상무
56,정구범,NC,투수,16/6/00,183cm,71kg,경동초(성동구리틀)-건대부중-덕수고
,정주영,NC,투수,8/6/04,184cm,97kg,대구장기초(대구달서구리틀)-경운중-경북고
12,정진기,NC,외야수,10/10/92,185cm,92kg,화순초-화순중-화순고-SK-SSG
64,조민석,NC,투수,21/12/98,180cm,81kg,천안남산초-천안북중-부천고-원광대
,조현민,NC,,1/2/82,,,
94,조현진,NC,내야수,10/9/02,182cm,69kg,아라초(함안리틀)-창원신월중-마산고
40,채지선,NC,투수,11/7/95,180cm,70kg,학강초-광주동성중-광주제일고-두산-LG
23,천재환,NC,외야수,1/4/94,181cm,83kg,대전신흥초-공주중-화순고-고려대
49,최보성,NC,내야수,16/10/98,181cm,88kg,진해장복초(진해리틀)-외포중-개성고
20,최성영,NC,투수,28/4/97,180cm,85kg,영랑초-설악중-설악고-NC-상무
91,최시혁,NC,투수,19/7/00,190cm,85kg,봉천초-배명중-북일고
,최우석,NC,,1/2/82,,,
24,최우재,NC,외야수,11/4/97,186cm,90kg,광주수창초-진흥중-진흥고
33,최정원,NC,내야수,24/6/00,176cm,75kg,서원초-청주중-청주고-NC-상무
,강산,두산,포수,8/8/03,176cm,78kg,포항대해초-덕수중-서울컨벤션고
23,강승호,두산,내야수,9/2/94,178cm,88kg,순천북초-천안북중-북일고-LG-경찰-LG-SK
63,고봉재,두산,투수,14/5/93,184cm,84kg,감천초-대동중-경남고-호원대
47,곽빈,두산,투수,28/5/99,187cm,95kg,서울학동초-자양중-배명고
34,권민석,두산,내야수,20/2/99,184cm,74kg,영랑초(수원영통구리틀)-설악중-강릉고
27,김강률,두산,투수,28/8/88,187cm,95kg,문촌초(일산리틀)-장성중-경기고-두산-상무
37,김대한,두산,외야수,6/12/00,185cm,83kg,숭인초(강북구리틀)-덕수중-휘문고
41,김동주,두산,투수,14/2/02,190cm,90kg,갈산초-양천중-선린인터넷고
46,김명신,두산,투수,29/11/93,178cm,90kg,남도초-대구중-경북고-경성대
109,김문수,두산,외야수,29/3/04,188cm,94kg,강남초-서울이수중-경기고
19,김민규,두산,투수,7/5/99,178cm,88kg,장평초(광진구리틀)-잠신중-휘문고-두산-상무
18,김민혁,두산,내야수,3/5/96,188cm,100kg,광주대성초-광주동성중-광주동성고
106,김시완,두산,외야수,28/1/04,180cm,84kg,서울이수초-선린중-경동고
62,김유성,두산,투수,1/1/02,190cm,98kg,김해삼성초-내동중-김해고-고려대(얼리 드래프트)
39,김인태,두산,외야수,3/7/94,178cm,78kg,포항제철서초-천안북중-북일고-두산-경찰
52,김재호,두산,내야수,21/3/85,181cm,75kg,남정초-중앙중-중앙고-두산-상무
32,김재환,두산,외야수,22/9/88,183cm,90kg,영랑초-상인천중-인천고-두산-상무
30,김정우,두산,투수,15/5/99,183cm,87kg,소래초-동산중-동산고-SK-상무-SSG
2,김지용,두산,투수,20/2/88,174cm,86kg,이문초(노원구리틀)-청량중-중앙고-강릉영동대-LG
92,김태근,두산,외야수,10/8/96,175cm,74kg,광진초(광진구리틀)-건대부중-배명고-건국대-두산-상무
56,김호준,두산,투수,17/5/98,180cm,82kg,원주일산초-성남성일중-안산공고
111,남율,두산,투수,8/4/04,183cm,76kg,서울도곡초-휘문중-휘문고
,딜런,두산,투수,4/6/96,185cm,92kg,미국 Utah Tech(대)
11,로하스,두산,외야수,24/2/93,183cm,90kg,미국 Vanguard(대)
101,문원,두산,투수,22/8/98,187cm,91kg,사당초-휘문중-강릉고
14,박계범,두산,내야수,11/1/96,177cm,84kg,순천북초-순천이수중-효천고-삼성-상무-삼성
108,박민준,두산,포수,21/10/02,183cm,95kg,아라초-마산동중-용마고-동강대
,박성재,두산,포수,18/11/02,186cm,98kg,가산초-개성중-부산고-두산-상무
38,박소준,두산,투수,21/1/95,177cm,68kg,청주우암초-청주중-청주고
66,박신지,두산,투수,16/7/99,185cm,75kg,목암초(의정부리틀)-영동중-경기고-두산-상무
26,박유연,두산,포수,20/12/98,177cm,77kg,광주화정초-동산중-동산고
60,박정수,두산,투수,29/1/96,178cm,74kg,서울청구초-서울이수중-야탑고-KIA-경찰-KIA-NC
9,박준영,두산,내야수,5/8/97,180cm,90kg,서울도곡초(남양주리틀)-잠신중-경기고-NC
10,박지훈,두산,내야수,7/9/00,183cm,80kg,김해삼성초-경남중-마산고
1,박치국,두산,투수,10/3/98,177cm,78kg,인천숭의초-인천신흥중-제물포고
103,배창현,두산,투수,9/12/98,183cm,78kg,본리초-대구중-경북고
98,백승우,두산,투수,4/1/00,183cm,95kg,장산초(부산동래마린스리틀)-대신중-부산고-동아대
48,브랜든,두산,투수,3/6/94,190cm,81kg,미국
16,서예일,두산,내야수,19/6/93,178cm,83kg,동천초-경주중-성남고-동국대-두산-경찰
8,송승환,두산,외야수,28/10/00,183cm,93kg,신기초(금천구리틀)-양천중-서울고
94,신민철,두산,내야수,13/1/03,185cm,90kg,가동초-휘문중-휘문고
5,신성현,두산,내야수,19/10/90,183cm,92kg,가동초-덕수중-교토고쿠사이고-히로시마-한화
,신창희,두산,포수,10/4/96,187cm,96kg,개신초(청주상당구리틀)-청주중-대구고
20,안승한,두산,포수,25/1/92,176cm,98kg,남정초-선린중-충암고-동아대-KT
3,안재석,두산,내야수,15/2/02,185cm,75kg,성내초(강동구리틀)-배재중-서울고
43,알칸타라,두산,투수,4/12/92,193cm,100kg,도미니카 Liceo secundario Emma Balaguer(고)-KT
53,양석환,두산,내야수,15/7/91,185cm,90kg,백운초-신일중-신일고-동국대-LG-상무-LG
25,양의지,두산,포수,5/6/87,180cm,95kg,송정동초-무등중-진흥고-두산-경찰-두산-NC
57,양찬열,두산,외야수,25/5/97,179cm,84kg,서울상수초-건대부중-장충고-단국대
119,양현진,두산,내야수,3/1/02,191cm,86kg,길주초(안동시리틀)-포항중-영문고
96,윤준호,두산,포수,14/11/00,179cm,90kg,부산안락초(해운대리틀)-센텀중-경남고-동의대
113,이기석,두산,투수,7/6/02,181cm,80kg,수진초-단월중-원주고-부산과학기술대
116,이민혁,두산,투수,13/4/98,185cm,94kg,부천초(부천원미리틀)-서울신월중-장충고-인천재능대-두산
29,이병헌,두산,투수,4/6/03,183cm,95kg,역삼초-영동중-서울고
117,이상연,두산,투수,10/8/01,195cm,103kg,해원초(수영구리틀)-대천중-부산고
55,이승진,두산,투수,7/1/95,186cm,86kg,수원신곡초-매송중-야탑고-상무-SK
50,이영하,두산,투수,1/11/97,192cm,91kg,영일초-강남중-선린인터넷고
95,이원재,두산,투수,7/5/03,187cm,98kg,부산수영초-경남중-경남고
7,이유찬,두산,내야수,5/8/98,175cm,68kg,동막초-천안북중-북일고-두산-상무
,이정원,두산,투수,14/6/99,183cm,82kg,동천초-경주중-경주고-연세대
110,이주엽,두산,투수,26/3/01,188cm,90kg,서울이수초-성남중-성남고
45,이형범,두산,투수,27/2/94,181cm,80kg,화순초-화순중-화순고-NC-경찰-NC
93,임서준,두산,내야수,11/7/04,185cm,85kg,중대초-양천중-경동고
118,장규빈,두산,포수,21/4/01,186cm,98kg,갈산초-서울신월중-경기고
58,장빈,두산,투수,10/7/99,183cm,90kg,백마초-충암중-충암고-강릉영동대
22,장승현,두산,포수,7/3/94,184cm,86kg,인천서림초-동산중-제물포고-두산-경찰
67,장우진,두산,투수,20/3/04,188cm,84kg,제주중앙초-천안북중-북일고
28,장원준,두산,투수,31/7/85,184cm,85kg,부산수영초-대동중-부산고-(영남사이버대)-롯데-경찰-롯데
35,전민재,두산,내야수,30/6/99,181cm,73kg,천안남산초-천안북중-대전고
104,전형근,두산,투수,17/5/00,183cm,80kg,가동초-휘문중-휘문고
,전희범,두산,외야수,8/3/03,184cm,90kg,나주북초-전라중-인상고
31,정수빈,두산,외야수,7/10/90,175cm,70kg,수원신곡초-수원북중-유신고-두산-경찰
105,정유석,두산,투수,17/7/02,185cm,90kg,합포초-마산중-용마고
102,정은재,두산,투수,31/12/91,192cm,92kg,화곡초-덕수중-선린인터넷고
65,정철원,두산,투수,27/3/99,192cm,95kg,역북초-송전중-안산공고
49,제환유,두산,투수,30/9/00,183cm,76kg,둔산초-공주중-공주고
114,조선명,두산,투수,30/12/98,180cm,92kg,장내초-장내중-성지고-LG
51,조수행,두산,외야수,30/8/93,178cm,73kg,노암초-경포중-강릉고-건국대-두산-상무
120,최세창,두산,투수,1/6/01,187cm,95kg,예원초-사직중-개성고
64,최승용,두산,투수,11/5/01,190cm,87kg,양오초-모가중-소래고
61,최원준,두산,투수,21/12/94,182cm,91kg,수유초-신일중-신일고-동국대
107,최종인,두산,투수,1/5/01,185cm,84kg,해강초-센텀중-부산고
59,최준호,두산,투수,3/6/04,188cm,90kg,온양온천초-온양중-북일고
42,최지강,두산,투수,23/7/01,180cm,88kg,광주서석초-광주동성중-광주동성고-강릉영동대
97,한충희,두산,투수,25/12/03,181cm,90kg,광주대성초-무등중-광주제일고
13,허경민,두산,내야수,26/8/90,176cm,69kg,송정동초-충장중-광주제일고-두산-경찰
17,홍건희,두산,투수,29/9/92,187cm,97kg,화순초-화순중-화순고-KIA-상무-KIA
44,홍성호,두산,외야수,15/7/97,187cm,98kg,인헌초-선린중-선린인터넷고
,강병우,KIA,투수,12/12/03,182cm,88kg,군산중앙초-배명중-배명고
36,강이준,KIA,투수,7/4/98,190cm,86kg,발산초-덕수중-구리인창고-KIA-상무
60,고영창,KIA,투수,24/2/89,189cm,100kg,광주서림초-진흥중-진흥고-연세대
57,고종욱,KIA,외야수,11/1/89,184cm,83kg,역삼초-대치중-경기고-한양대-히어로즈-상무-히어로즈-SK-SSG
9,곽도규,KIA,투수,12/4/04,185cm,90kg,도척초-공주중-공주고
43,김건국,KIA,투수,2/2/88,183cm,86kg,한서초(서부리틀)-청량중-덕수정보고-두산-KT-롯데
14,김규성,KIA,내야수,8/3/97,183cm,73kg,갈산초-선린중-선린인터넷고
53,김기훈,KIA,투수,3/1/00,184cm,93kg,광주수창초-무등중-광주동성고-KIA-상무
69,김대유,KIA,투수,8/5/91,187cm,92kg,부산중앙초-부산중-부산고-히어로즈-SK-KT-LG
5,김도영,KIA,내야수,2/10/03,183cm,85kg,광주대성초-광주동성중-광주동성고
18,김도월,KIA,내야수,3/4/04,188cm,80kg,화곡초-영남중-서울고
4,김민수,KIA,외야수,5/4/00,186cm,87kg,부산수영초-경남중-경남고
21,김사윤,KIA,투수,8/6/94,182cm,90kg,광주화정초-무등중-화순고-SK-상무-SK-SSG
35,김석환,KIA,외야수,28/2/99,187cm,97kg,광주서석초-광주동성중-광주동성고
3,김선빈,KIA,내야수,18/12/89,165cm,77kg,화순초-화순중-화순고-KIA-상무
8,김선우,KIA,포수,18/1/01,178cm,80kg,상인천초-상인천중-강릉고
37,김세일,KIA,투수,2/3/03,188cm,91kg,부산수영초-개성중-용마고
24,김승현,KIA,투수,9/7/92,180cm,105kg,노암초-경포중-강릉고-건국대-삼성-상무-삼성
8,김양수,KIA,투수,23/1/01,184cm,80kg,천안남산초-천안북중-북일고
12,김용완,KIA,내야수,2/5/03,176cm,73kg,평촌초-평촌중-안산공고
7,김원경,KIA,내야수,1/5/01,182cm,87kg,사파초-마산중-비봉고
49,김유신,KIA,투수,14/6/99,187cm,100kg,화순초-청주중-세광고-KIA-상무
32,김재열,KIA,투수,2/1/96,183cm,97kg,양정초-개성중-부산고
,김재현,KIA,내야수,2/12/00,176cm,81kg,광주화정초-건대부중-경기고-송원대
,김주섭,KIA,투수,24/5/99,180cm,93kg,도산초-경상중-대구고-고려대
38,김찬민,KIA,투수,13/9/03,184cm,85kg,부안동초-이평중-전주고
42,김태군,KIA,포수,30/12/89,182cm,92kg,양정초-대동중-부산고-LG-NC-경찰-NC-삼성
27,김호령,KIA,외야수,30/4/92,178cm,85kg,관산초-안산중앙중-군산상고-동국대-KIA-경찰
47,나성범,KIA,외야수,3/10/89,183cm,100kg,광주대성초-진흥중-진흥고-연세대-NC
9,나용기,KIA,투수,18/11/98,195cm,105kg,광주서석초-충장중-북일고-동강대
41,남하준,KIA,투수,13/9/96,182cm,78kg,원봉초-세광중-세광고-KIA-상무
,메디나,KIA,투수,18/12/96,185cm,84kg,도미니카 Liceo Secundario Cacique Enriquillo(고)
2,박승훈,KIA,내야수,5/1/99,173cm,75kg,대치중-서울고-연세대
29,박일훈,KIA,투수,7/3/04,182cm,82kg,용마초(처인구리틀)-송전중-안산공고
0,박정우,KIA,외야수,1/2/98,175cm,68kg,역삼초-언북중-덕수고
31,박준표,KIA,투수,26/6/92,181cm,93kg,송정동초-진흥중-중앙고-동강대-KIA-경찰
1,박찬호,KIA,내야수,5/6/95,178cm,72kg,신답초-건대부중-장충고
5,배현호,KIA,포수,20/4/99,177cm,88kg,본리초(서구리틀)-대구중-경북고-히어로즈-키움
33,변우혁,KIA,내야수,18/3/00,185cm,95kg,일산초-현도중-북일고-한화-상무-한화
65,산체스,KIA,투수,31/10/94,185cm,75kg,베네수엘라
30,소크라테스,KIA,외야수,6/9/92,188cm,93kg,도미니카 Liceo Cacique Enriquillo(고)
,손호원,KIA,내야수,7/11/00,182cm,90kg,서흥초-송전중-라온고-단국대
11,송후섭,KIA,투수,18/6/97,190cm,95kg,양덕초-거제외포중-개성고
12,신범수,KIA,포수,25/1/98,177cm,83kg,광주대성초-광주동성중-광주동성고
,앤더슨,KIA,투수,29/10/94,193cm,102kg,미국 American Heritage(고)-KIA
54,양현종,KIA,투수,1/3/88,183cm,91kg,학강초-광주동성중-광주동성고-KIA-텍사스
22,오규석,KIA,투수,4/12/01,187cm,97kg,희망대초-휘문중-휘문고
56,오선우,KIA,내야수,13/12/96,186cm,95kg,성동초-자양중-배명고-인하대
2,오정환,KIA,내야수,27/3/99,185cm,75kg,강남초-자양중-경기고
40,유승철,KIA,투수,2/3/98,184cm,87kg,순천북초-순천이수중-효천고
4,유지성,KIA,투수,15/11/00,189cm,94kg,수유초-자양중-북일고
67,윤도현,KIA,내야수,7/5/03,181cm,84kg,광주화정초-무등중-광주제일고
13,윤영철,KIA,투수,20/4/04,187cm,87kg,창서초(서대문구리틀)-충암중-충암고
19,윤중현,KIA,투수,25/4/95,180cm,84kg,광주서석초-무등중-광주제일고-성균관대
15,이도현,KIA,투수,7/1/05,188cm,90kg,가동초-휘문중-휘문고
6,이성주,KIA,포수,28/3/03,183cm,98kg,고명초-잠신중-경기고
63,이송찬,KIA,투수,8/8/04,187cm,85kg,화순초-광주동성중-광주동성고
25,이우성,KIA,외야수,17/7/94,182cm,95kg,대전유천초-한밭중-대전고-두산-상무-두산-NC
48,이의리,KIA,투수,16/6/02,185cm,90kg,광주수창초-충장중-광주제일고
20,이준영,KIA,투수,10/8/92,177cm,85kg,군산남초-군산중-군산상고-중앙대-KIA-상무
3,이중석,KIA,외야수,27/7/98,190cm,93kg,가양초(강서구리틀)-덕수중-야탑고-건국대
66,이창진,KIA,외야수,4/3/91,173cm,85kg,신도초-동인천중-인천고-건국대-롯데-KT-상무-KT
61,이태규,KIA,투수,21/2/00,188cm,72kg,희망대초-매향중-장안고
17,임기영,KIA,투수,16/4/93,184cm,86kg,대구수창초-경운중-경북고-한화-상무
28,임석진,KIA,내야수,10/10/97,180cm,98kg,군산신풍초-서울이수중-서울고-SK-SSG
1,장시현,KIA,내야수,21/12/01,178cm,75kg,서울도곡초-언북중-충암고
50,장현식,KIA,투수,24/2/95,181cm,91kg,신도초-서울이수중-서울고-NC-경찰-NC
51,전상현,KIA,투수,18/4/96,182cm,84kg,남도초-경복중-대구상원고-KIA-상무
62,정해영,KIA,투수,23/8/01,189cm,98kg,광주대성초-광주동성중-광주제일고
59,정해원,KIA,내야수,21/5/04,185cm,87kg,제주신광초-덕수중-휘문고
22,주효상,KIA,포수,11/11/97,182cm,85kg,역북초-강남중-서울고-히어로즈-키움
13,최수빈,KIA,내야수,8/4/97,176cm,80kg,갈산초-양천중-성남고-SK-SSG
16,최원준,KIA,외야수,23/3/97,178cm,84kg,연현초-서울경원중-서울고-KIA-상무
23,최정용,KIA,내야수,24/10/96,178cm,75kg,서원초-세광중-세광고-삼성-SK-상무
39,최지민,KIA,투수,10/9/03,185cm,100kg,강릉율곡초(강릉리틀)-경포중-강릉고
34,최형우,KIA,외야수,16/12/83,180cm,106kg,진북초-전주동중-전주고-삼성-경찰-삼성
45,파노니,KIA,투수,28/4/94,185cm,92kg,미국 Southern Nevada(대)
28,한승연,KIA,외야수,9/6/03,183cm,90kg,군산신풍초-군산중-전주고
26,한승택,KIA,포수,21/6/94,174cm,83kg,잠전초(남양주리틀)-잠신중-덕수고-한화-경찰
55,한준수,KIA,포수,13/2/99,184cm,95kg,광주서석초-광주동성중-광주동성고
21,홍원빈,KIA,투수,16/10/00,195cm,101kg,안말초-강남중-덕수고
6,홍종표,KIA,내야수,2/5/00,178cm,72kg,동막초-영남중-강릉고-KIA-상무
52,황대인,KIA,내야수,10/2/96,178cm,100kg,군산신풍초-자양중-경기고-KIA-상무
10,황동하,KIA,투수,30/7/02,183cm,96kg,전주진북초-전라중-인상고
,강성우,롯데,,1/2/82,,,
32,강태율,롯데,포수,1/11/96,179cm,91kg,부산수영초-대천중-부경고
,고경표,롯데,,1/2/82,,,
65,고승민,롯데,외야수,11/8/00,189cm,92kg,군산신풍초-배명중-북일고
4,구드럼,롯데,내야수,28/2/92,190cm,99kg,미국 Fayette County(고)
22,구승민,롯데,투수,12/6/90,182cm,86kg,동일초(도봉구리틀)-청원중-청원고-홍익대-롯데-상무
12,국해성,롯데,외야수,8/10/89,180cm,95kg,군산중앙초-동인천중-인천고-두산
19,김강현,롯데,투수,27/2/95,177cm,84kg,고명초-청원중-청원고
40,김기준,롯데,투수,16/4/04,188cm,90kg,대해초-대구중-경북고
,김대현,롯데,,1/2/82,,,
23,김도규,롯데,투수,11/7/98,192cm,118kg,고봉초-충암중-안산공고
,김동규,롯데,,1/2/82,,,
37,김동우,롯데,투수,1/10/95,183cm,80kg,서당초-매송중-야탑고-연세대
50,김동혁,롯데,외야수,15/9/00,177cm,77kg,인천서화초-상인천중-제물포고-강릉영동대
2,김민석,롯데,외야수,9/5/04,185cm,83kg,신도초-휘문중-휘문고
5,김민수,롯데,내야수,18/3/98,184cm,97kg,서화초-동산중-제물포고-롯데-경찰
24,김상수,롯데,투수,2/1/88,180cm,88kg,신자초(자이언츠리틀)-자양중-신일고-(방송통신대)-삼성-상무-키움-SK-SSG
64,김서진,롯데,내야수,5/2/04,175cm,80kg,(분당구리틀)
,김세민,롯데,내야수,14/6/03,183cm,78kg,강릉중앙초-하슬라중-강릉고
34,김원중,롯데,투수,14/6/93,192cm,96kg,학강초-광주동성중-광주동성고
,김재유,롯데,외야수,7/8/92,180cm,82kg,장산초-경남중-부경고-동의대-롯데-상무
,김주현,롯데,내야수,21/12/93,186cm,110kg,성동초-잠신중-북일고-경희대-한화-경찰-한화
15,김진욱,롯데,투수,5/7/02,185cm,90kg,수원신곡초-춘천중-강릉고
61,김창훈,롯데,투수,9/11/01,185cm,98kg,사파초-창원신월중-경남고
14,김태욱,롯데,투수,15/4/98,187cm,88kg,온양초-온양중-북일고-한화
43,나균안,롯데,투수,16/3/98,186cm,109kg,무학초-창원신월중-용마고
,나원탁,롯데,투수,20/8/94,183cm,100kg,석교초-세광중-세광고-홍익대-삼성
52,노진혁,롯데,내야수,15/7/89,184cm,80kg,광주대성초-광주동성중-광주동성고-성균관대-NC-상무-NC
,렉스,롯데,외야수,12/11/93,188cm,86kg,미국 Kentucky(대)
38,문경찬,롯데,투수,8/7/92,186cm,85kg,부천북초-동인천중-인천고-건국대-KIA-상무-KIA-NC
,민성우,롯데,포수,10/3/99,174cm,82kg,동막초-동인천중-인천고-인하대
97,박건,롯데,외야수,25/4/02,185cm,90kg,강진북초-나주세지중-광주동성고-부산과학기술대
111,박명현,롯데,투수,16/6/01,185cm,80kg,부천북초-대원중-야탑고
,박성준,롯데,,1/2/82,,,
21,박세웅,롯데,투수,30/11/95,182cm,85kg,대구경운초-경운중-경북고-KT
53,박승욱,롯데,내야수,4/12/92,184cm,83kg,칠성초-경복중-대구상원고-SK-KT
67,박영완,롯데,투수,22/7/00,183cm,85kg,양덕초-마산동중-대구고
,박준우,롯데,,1/2/82,,,
44,박진,롯데,투수,2/4/99,182cm,106kg,부산대연초-부산중-부산고
17,박형준,롯데,외야수,28/6/01,184cm,105kg,신매초(경산시리틀)-대구중-대구고-SK
28,반즈,롯데,투수,1/10/95,189cm,91kg,미국 Clemson(대)
,배세종,롯데,,1/2/82,,,
87,배영빈,롯데,내야수,26/6/00,178cm,70kg,가동초-잠신중-서울고-홍익대
98,배인혁,롯데,내야수,29/1/04,170cm,70kg,새빛초(용인수지구리틀)-동인천중-인천고
,백두산,롯데,,1/2/82,,,
69,서동욱,롯데,포수,24/3/00,175cm,88kg,순천남산초-순천이수중-순천효천고-홍익대
,서준원,롯데,투수,5/11/00,185cm,104kg,신금초(부산북구리틀)-개성중-경남고
60,석상호,롯데,투수,14/4/00,182cm,102kg,효제초-덕수중-청원고-고려대
,소한빈,롯데,,1/2/82,,,
6,손성빈,롯데,포수,14/1/02,183cm,92kg,희망대초-신흥중-장안고-롯데-상무
,스트레일리,롯데,투수,1/12/88,189cm,100kg,미국 Turston(고)-미국 Marshall(대)
3,신윤후,롯데,외야수,5/1/96,177cm,77kg,무학초-마산중-마산고-동의대
31,신정락,롯데,투수,13/5/87,178cm,78kg,천안남산초-천안북중-북일고-고려대-LG-한화
39,심재민,롯데,투수,18/2/94,182cm,92kg,장유초(김해엔젤스리틀)-개성중-개성고-(전남과학대)-KT
0,안권수,롯데,외야수,19/4/93,175cm,80kg,일본 타카사초-일본 키시중-일본 와세다실업고-일본 와세다대-두산
,안우진,롯데,,1/2/82,,,
13,안치홍,롯데,내야수,2/7/90,178cm,97kg,구지초(구리리틀)-대치중-서울고-KIA-경찰-KIA
100,엄태호,롯데,외야수,3/1/01,186cm,84kg,도신초-영남중-장충고
36,우강훈,롯데,투수,3/10/02,183cm,88kg,희망대초-매송중-야탑고
46,윌커슨,롯데,투수,24/5/89,188cm,104kg,미국 Cumberland(대)
27,유강남,롯데,포수,15/7/92,182cm,88kg,청원초-휘문중-서울고-LG-상무-LG
,유제모,롯데,,1/2/82,,,
91,윤동희,롯데,외야수,18/9/03,187cm,85kg,현산초-대원중-야탑고
41,윤명준,롯데,투수,18/6/89,178cm,78kg,광주서석초-광주동성중-광주동성고-고려대-두산-상무-두산
51,윤성빈,롯데,투수,26/2/99,197cm,90kg,동일중앙초-경남중-부산고
63,윤수녕,롯데,외야수,1/3/00,173cm,73kg,대전신흥초-한밭중-대전고-연세대
30,이민석,롯데,투수,10/12/03,189cm,95kg,부산수영초-대천중-개성고
104,이병준,롯데,투수,28/5/02,185cm,95kg,부산청동초(영도구리틀)-경남중-개성고
,이선우,롯데,,1/2/82,,,
35,이인복,롯데,투수,18/6/91,187cm,97kg,희망대초-성일중-서울고-연세대-롯데-경찰
,이정우,롯데,외야수,28/2/01,182cm,84kg,부산수영초-경남중-경남고-LG
48,이정훈,롯데,포수,7/12/94,185cm,90kg,교문초-배재중-휘문고-경희대-KIA-상무-KIA
109,이주찬,롯데,내야수,21/9/98,181cm,86kg,송수초(해운대리틀)-센텀중-경남고-동의대
62,이진하,롯데,투수,2/6/04,191cm,96kg,백송초(일산리틀)-영남중-장충고
94,이태연,롯데,투수,21/2/04,180cm,80kg,화곡초-영남중-충암고
7,이학주,롯데,내야수,4/11/90,187cm,87kg,하안북초-양천중-충암고-삼성
,이호준,롯데,,1/2/82,,,
49,장두성,롯데,외야수,16/9/99,176cm,75kg,축현초-재능중-동산고
96,장세진,롯데,투수,30/12/04,179cm,80kg,군산남초-군산중-군산상고
,전미르,롯데,,1/2/82,,,
8,전준우,롯데,내야수,25/2/86,184cm,98kg,흥무초-경주중-경주고-건국대-롯데-경찰
,전하원,롯데,,1/2/82,,,
68,정대선,롯데,내야수,16/11/04,185cm,85kg,서흥초-동산중-세광고
55,정대혁,롯데,투수,26/6/99,186cm,90kg,양덕초-마산중-김해고
42,정보근,롯데,포수,31/8/99,175cm,94kg,부산수영초-경남중-경남고
56,정성종,롯데,투수,16/11/95,181cm,93kg,광주서석초-무등중-광주제일고-인하대-롯데-상무
59,정재환,롯데,포수,14/4/04,185cm,94kg,반안초(해운대리틀)-센텀중-부산고
,정현수,롯데,,1/2/82,,,
9,정훈,롯데,내야수,18/7/87,180cm,85kg,양덕초-마산동중-용마고
102,조경민,롯데,투수,17/9/04,179cm,78kg,상원초-개군중-강릉고
,조세진,롯데,외야수,21/11/03,181cm,86kg,장안초(성남중원구리틀)-선린중-서울고-롯데-상무
84,조준혁,롯데,투수,12/5/99,178cm,82kg,정읍이평초(광주남구리틀)-충장중-광주제일고-인하대
66,지시완,롯데,포수,10/4/94,181cm,105kg,청주우암초-청주중-청주고-한화
26,진승현,롯데,투수,5/9/03,184cm,108kg,본리초-협성경복중-경북고
,차우찬,롯데,투수,31/5/87,185cm,80kg,군산초-군산남중-군산상고-(대구사이버대)-삼성-LG
,최민재,롯데,외야수,8/1/94,179cm,85kg,대전신흥초-공주중-화순고-SK
45,최영환,롯데,투수,20/2/92,179cm,93kg,감천초-대동중-개성고-동아대-(영남사이버대)-한화
108,최우인,롯데,투수,9/8/02,191cm,91kg,가동초-대치중-서울고
33,최이준,롯데,투수,10/4/99,182cm,90kg,서울이수초-대치중-장충고-KT
110,최종은,롯데,내야수,12/10/98,178cm,82kg,고골초(하남시리틀)-청량중-장충고-중앙대
47,강민호,삼성,포수,18/8/85,185cm,100kg,제주신광초-포철중-포철공고-(국제디지털대)-롯데
60,강준서,삼성,내야수,13/10/00,183cm,85kg,부산대연초-대천중-부산공고-동의대
6,강한울,삼성,내야수,12/9/91,181cm,66kg,사당초-중앙중-안산공고-원광대-KIA-삼성-상무
9,공민규,삼성,내야수,27/9/99,183cm,85kg,서화초-동산중-인천고-삼성-상무
5,구자욱,삼성,외야수,12/2/93,189cm,75kg,본리초-경복중-대구고-삼성-상무
17,김대우,삼성,투수,21/11/88,183cm,85kg,역삼초-대치중-서울고-홍익대-히어로즈-상무-히어로즈
66,김도환,삼성,포수,14/4/00,178cm,90kg,언북초(의정부리틀)-영동중-신일고-삼성-상무
38,김동엽,삼성,외야수,24/7/90,186cm,101kg,천안남산초-천안북중-북일고-SK
3,김동진,삼성,내야수,18/12/96,184cm,84kg,영랑초-설악중-설악고
12,김민수,삼성,포수,2/3/91,177cm,80kg,대구옥산초-경복중-대구상원고-영남대-한화-상무
121,김민호,삼성,내야수,28/12/03,185cm,93kg,와우초(화성시리틀)-단월중-청담고
25,김상민,삼성,외야수,6/12/03,183cm,83kg,부산대연초-부산중-부산고
53,김서준,삼성,투수,1/9/03,183cm,78kg,희망대초-대원중-경기항공고
39,김성윤,삼성,외야수,2/2/99,163cm,62kg,창신초(부산진구리틀)-원동중-포항제철고
64,김시온,삼성,투수,30/10/03,189cm,89kg,서당초-대원중-율곡고
67,김시현,삼성,투수,26/9/98,181cm,89kg,백운초-건대부중-강릉고
30,김영웅,삼성,내야수,24/8/03,183cm,81kg,공주중동초-야로중-물금고
0,김용하,삼성,투수,27/7/99,185cm,85kg,광주서석초-무등중-광주제일고
0,김재상,삼성,내야수,26/7/04,180cm,81kg,고명초-덕수중-경기상고
48,김재성,삼성,포수,30/10/96,185cm,85kg,신광초-성남중-덕수고-LG-경찰-LG
110,김준우,삼성,투수,31/5/99,185cm,92kg,칠성초-대구중-경북고
58,김지찬,삼성,내야수,8/3/01,163cm,64kg,백사초(이천시리틀)-모가중-라온고
113,김태우,삼성,투수,15/9/99,193cm,92kg,대구옥산초-경운중-경북고
27,김태훈,삼성,투수,2/3/92,187cm,101kg,남부민초-대신중-부경고-히어로즈-경찰-히어로즈-키움
24,김태훈,삼성,외야수,31/3/96,177cm,78kg,진흥초(안산리틀)-평촌중-유신고-KT
34,김헌곤,삼성,외야수,9/11/88,174cm,81kg,회원초-경복중-제주관광고-영남대-삼성-상무
41,김현준,삼성,외야수,11/10/02,178cm,78kg,가산초(부산진구리틀)-센텀중-개성고
8,김호재,삼성,내야수,31/5/95,178cm,72kg,서울도곡초-서울이수중-장충고
37,노건우,삼성,투수,22/10/89,182cm,100kg,서흥초-상인천중-화순고-동국대-NC-상무-NC
46,류승민,삼성,외야수,11/10/04,185cm,90kg,광주화정초-무등중-광주제일고
42,류지혁,삼성,내야수,13/1/94,181cm,75kg,청원초-선린중-충암고-두산-상무-두산-KIA
106,맹성주,삼성,투수,7/9/99,183cm,80kg,서울도곡초-휘문중-배명고
43,문용익,삼성,투수,4/2/95,178cm,93kg,덕양초-양천중-청원고-세계사이버대
69,박권후,삼성,투수,28/5/04,184cm,80kg,진북초-전라중-전주고
50,박세웅,삼성,투수,10/5/96,180cm,87kg,포항대해초-포항중-청주고-SK
109,박시원,삼성,투수,16/3/04,187cm,96kg,신도초-안산중앙중-유신고
101,박용민,삼성,투수,20/3/99,193cm,100kg,내발산초(강서구리틀)-신월중-덕수고
116,박장민,삼성,내야수,2/9/03,179cm,80kg,칠성초-경상중-대구고
,박주혁,삼성,투수,18/5/01,182cm,82kg,남정초-덕수중-휘문고-삼성-상무
111,박진우,삼성,포수,14/10/03,176cm,87kg,글꽃초(대전중구리틀)-현도중-청주고
29,백정현,삼성,투수,13/7/87,184cm,80kg,대구옥산초-대구중-대구상원고
4,뷰캐넌,삼성,투수,11/5/89,190cm,90kg,미국 Georgia State(대)
,서주원,삼성,포수,31/1/99,173cm,85kg,대전유천초-충남중-대전고-삼성
28,서현원,삼성,투수,28/2/04,187cm,78kg,석교초-세광중-세광고
52,송준석,삼성,외야수,4/5/94,176cm,78kg,서울청구초-배명중-장충고
,수아레즈,삼성,투수,8/10/89,190cm,120kg,베네수엘라 Galileo Galilei(고)
15,신윤호,삼성,투수,8/9/04,183cm,85kg,서울청구초(서울중구리틀)-건대부중-장충고
40,신정환,삼성,투수,28/4/03,188cm,83kg,화접초(남양주리틀)-모가중-상우고
14,안주형,삼성,내야수,14/8/93,176cm,68kg,부산중앙초-부산중-부경고-영남대
105,양우현,삼성,내야수,13/4/00,175cm,82kg,남정초-충암중-충암고
1,양창섭,삼성,투수,22/9/99,182cm,85kg,녹천초(노원구리틀)-청량중-덕수고
21,오승환,삼성,투수,15/7/82,178cm,93kg,도신초-우신중-경기고-단국대-삼성-한신-세인트루이스-토론토-콜로라도
44,오재일,삼성,내야수,29/10/86,187cm,95kg,인창초(구리리틀)-구리인창중-야탑고-현대-상무-히어로즈-두산
103,오현석,삼성,내야수,5/3/01,183cm,99kg,고명초-홍은중-안산공고
57,와이드너,삼성,투수,24/10/94,183cm,92kg,미국 South Carolina(대)-NC
2,우규민,삼성,투수,21/1/85,184cm,75kg,성동초-휘문중-휘문고-LG-경찰-LG
18,원태인,삼성,투수,6/4/00,183cm,92kg,율하초(중구리틀)-경복중-경북고
31,윤정빈,삼성,외야수,24/6/99,182cm,93kg,신도초-부천중-부천고-삼성-상무
107,윤정훈,삼성,내야수,6/7/03,182cm,80kg,수진초-대치중-서울컨벤션고
23,이병헌,삼성,포수,26/10/99,180cm,87kg,인천숭의초-신흥중-제물포고
59,이상민,삼성,투수,4/11/90,180cm,85kg,남도초(수성리틀)-대구중-경북고-동의대-NC-히어로즈-경찰-히어로즈-키움
13,이성규,삼성,내야수,3/8/93,178cm,82kg,광주대성초-광주동성중-광주동성고-인하대-삼성-경찰
20,이승현,삼성,투수,20/11/91,181cm,92kg,화순초-진흥중-화순고-LG
54,이승현,삼성,투수,19/5/02,183cm,102kg,남도초-경복중-대구상원고
45,이재익,삼성,투수,18/3/94,180cm,76kg,삼일초-중앙중-유신고
7,이재현,삼성,내야수,4/2/03,180cm,82kg,서울이수초-선린중-서울고
,이재희,삼성,투수,11/10/01,187cm,88kg,대전신흥초-한밭중-대전고-삼성-상무
35,이태훈,삼성,내야수,3/4/95,183cm,95kg,광주수창초-광주동성중-광주동성고-홍익대
,이해승,삼성,내야수,1/8/00,180cm,86kg,인천서림초-신흥중-인천고-삼성-상무
55,이호성,삼성,투수,14/8/04,184cm,87kg,도원초(부천소사리틀)-동인천중-인천고
117,장재혁,삼성,투수,16/8/02,177cm,79kg,정평초(경산시리틀)-대구중-경북고
26,장필준,삼성,투수,8/4/88,190cm,90kg,온양온천초-온양중-북일고-상무
112,정진수,삼성,포수,25/9/97,177cm,93kg,천안남산초-영동중-휘문고-연세대
32,조민성,삼성,내야수,22/10/03,181cm,88kg,서울학동초-휘문중-휘문고
16,최지광,삼성,투수,13/3/98,173cm,88kg,감천초-대신중-부산고-삼성-상무
56,최채흥,삼성,투수,22/1/95,186cm,98kg,동천초-포항중-대구상원고-한양대-삼성-상무
51,최충연,삼성,투수,5/3/97,190cm,85kg,대구수창초-대구중-경북고
19,최하늘,삼성,투수,26/3/99,190cm,99kg,서울학동초-자양중-경기고-롯데-상무
63,피렐라,삼성,외야수,21/11/89,183cm,99kg,베네수엘라 Manuel Segundo Sanchez(고)
115,한연욱,삼성,투수,11/2/01,188cm,84kg,대구수창초-대구중-대구고
49,허윤동,삼성,투수,19/6/01,181cm,90kg,(덕양구리틀)-금릉중-유신고
62,홍무원,삼성,투수,11/1/02,188cm,92kg,신남초(인천시리틀)-서울신월중-경기고
108,홍승원,삼성,투수,6/12/01,185cm,93kg,소래초-양천중-성남고
65,홍원표,삼성,투수,27/3/01,183cm,86kg,신도초-부천중-부천고
11,홍정우,삼성,투수,16/3/96,182cm,85kg,도신초-강남중-충암고-경찰
61,황동재,삼성,투수,3/11/01,191cm,97kg,율하초-경운중-경북고
55,강재민,한화,투수,3/4/97,180cm,89kg,양덕초-마산중-용마고-단국대
110,고영재,한화,외야수,18/1/00,178cm,75kg,남정초-휘문중-배명고-서울문화예술대
56,권광민,한화,외야수,12/12/97,189cm,102kg,서울청구초-홍은중-장충고
97,김건,한화,내야수,23/2/00,183cm,79kg,양정초-개성중-경남고
3,김겸재,한화,투수,10/12/98,187cm,88kg,부산남산초(부산동래마린스리틀)-대천중-부산정보고-단국대
101,김관우,한화,투수,7/9/03,182cm,97kg,양산북정초(경남양산리틀)-경남중-마산고
60,김규연,한화,투수,23/8/02,183cm,91kg,동수원초(수원영통구리틀)-매향중-공주고
15,김기중,한화,투수,16/11/02,186cm,96kg,의왕부곡초-매송중-유신고
2,김민기,한화,내야수,12/6/99,175cm,80kg,영원초(영등포리틀)-선린중-덕수고
53,김민우,한화,투수,25/7/95,186cm,123kg,사파초-마산중-용마고
47,김범수,한화,투수,3/10/95,181cm,92kg,온양온천초-온양중-북일고
68,김범준,한화,투수,30/9/00,175cm,79kg,서울도곡초-글로벌선진중-충암고
54,김서현,한화,투수,31/5/04,188cm,86kg,효제초-자양중-서울고
,김석훈,한화,포수,30/12/00,175cm,107kg,노암초-진월중-청주고-강릉영동대
108,김예준,한화,내야수,28/10/04,182cm,78kg,인천당하초(인천서구리틀)-재능중-강릉고
37,김인환,한화,내야수,28/1/94,186cm,100kg,화순초-화순중-화순고-성균관대
19,김재영,한화,투수,22/7/93,187cm,88kg,방배초-영동중-서울고-홍익대
38,김종수,한화,투수,3/6/94,180cm,88kg,성동초-덕수중-울산공고
115,김진욱,한화,투수,13/1/00,176cm,79kg,망원초(마포구리틀)-신일중-유신고
25,김태연,한화,내야수,10/6/97,178cm,96kg,서울청구초-덕수중-야탑고
102,김해찬,한화,외야수,25/5/04,178cm,91kg,대전유천초-한밭중-대전고
62,김현우,한화,포수,7/4/00,176cm,89kg,양덕초(창원리틀)-마산동중-용마고-롯데
11,남지민,한화,투수,12/2/01,181cm,100kg,양정초-개성중-부산정보고
5,노석진,한화,내야수,31/1/03,187cm,89kg,본리초-대구중-세광고
17,노수광,한화,외야수,6/8/90,180cm,77kg,대전유천초-청주중-청주고-건국대-한화-KIA-SK
8,노시환,한화,내야수,3/12/00,185cm,105kg,부산수영초-경남중-경남고
61,류원석,한화,투수,18/11/89,186cm,89kg,신원초-양천중-서울고-인하대-LG
18,류희운,한화,투수,19/6/95,191cm,129kg,천안남산초-천안북중-북일고-KT
1,문동주,한화,투수,23/12/03,188cm,97kg,광주화정초-무등중-진흥고
,문승진,한화,투수,2/4/02,185cm,91kg,서울청구초-홍은중-서울고
64,문현빈,한화,내야수,20/4/04,174cm,82kg,대전유천초-온양중-북일고
,민승기,한화,투수,6/7/01,181cm,89kg,서울신내초(중랑구리틀)-청량중-경동고-여주대
42,박상언,한화,포수,3/3/97,185cm,90kg,무원초-영남중-유신고-한화-상무
58,박상원,한화,투수,9/9/94,187cm,98kg,백운초-서울이수중-휘문고-연세대
114,박성웅,한화,투수,20/8/99,178cm,109kg,광주서석초-충장중-광주제일고
31,박윤철,한화,투수,23/3/96,186cm,92kg,방배초-언북중-서울고-연세대-한화-상무
106,박재규,한화,투수,3/7/03,181cm,83kg,울산대현초-신정중-개성고
9,박정현,한화,내야수,27/7/01,183cm,80kg,부천북초-부천중-유신고
,박준영,한화,투수,2/3/03,190cm,103kg,청주우암초(청주시리틀)-세광중-세광고
120,배동현,한화,투수,16/3/98,182cm,82kg,판곡초(양평리틀)-언북중-경기고-한일장신대-한화-상무
34,산체스,한화,투수,11/4/97,178cm,99kg,베네수엘라
111,성지훈,한화,투수,29/1/00,181cm,68kg,송정동초-무등중-광주제일고-동아대
104,송성훈,한화,투수,24/6/04,185cm,84kg,대전유천초-충남중-대전고
10,송윤준,한화,투수,16/7/92,186cm,85kg,천안남산초-공주중-북일고-LG-경찰-LG
,스미스,한화,투수,12/4/90,193cm,102kg,미국 Robert E. Lee(고)-미국 Oklahoma(대)
117,신우재,한화,외야수,16/11/97,183cm,97kg,인천숭의초-자양중-세광고-인천재능대
40,신지후,한화,투수,12/6/01,198cm,112kg,대전유천초-충남중-북일고
116,안진,한화,포수,26/11/02,183cm,90kg,인헌초-영남중-경기상고
2,양경모,한화,투수,24/3/03,184cm,95kg,대전신흥초-외산중-북일고
,오그레디,한화,외야수,17/5/92,188cm,97kg,미국 Archbishop Wood(고)-미국 Rutgers(대)
119,오동욱,한화,투수,4/2/01,187cm,88kg,광주서림초-진흥중-진흥고-한화-상무
6,오선진,한화,내야수,7/7/89,178cm,80kg,화곡초-성남중-성남고-한화-상무-한화-삼성
93,오세훈,한화,투수,28/9/99,181cm,82kg,진북초-전라중-영선고-두산
24,원혁재,한화,외야수,29/1/95,177cm,82kg,서울이수초(서초구리틀)-서울이수중-장충고-홍익대
3,윌리엄스,한화,외야수,8/9/93,190cm,97kg,미국 Ball(고)
33,유로결,한화,외야수,30/5/00,186cm,83kg,광주서림초-광주동성중-광주제일고
65,유상빈,한화,외야수,9/5/00,181cm,81kg,동막초-동산중-인천고-강릉영동대
5,윤대경,한화,투수,9/4/94,179cm,81kg,인천서림초-동인천중-인천고-삼성
32,윤산흠,한화,투수,15/5/99,178cm,74kg,광주화정초-진흥중-영선고-두산
7,이도윤,한화,내야수,7/10/96,175cm,79kg,고명초-배재중-북일고
14,이명기,한화,외야수,26/12/87,183cm,87kg,서화초-상인천중-인천고-SK-KIA-NC
27,이민우,한화,투수,9/2/93,185cm,104kg,순천북초-순천이수중-효천고-경성대-KIA
95,이민준,한화,내야수,2/2/04,185cm,74kg,화곡초-강남중-장충고
12,이상혁,한화,내야수,14/9/01,174cm,65kg,수원영화초(군포시리틀)-수원북중-장안고-강릉영동대
109,이석제,한화,투수,17/3/00,183cm,96kg,고명초-건대부중-장충고-고려대
44,이성곤,한화,내야수,25/3/92,186cm,104kg,성동초-잠실중-경기고-연세대-두산-경찰-두산-삼성
98,이성원,한화,포수,2/11/99,185cm,115kg,수원신곡초-매향중-장안고
4,이승관,한화,투수,1/12/99,182cm,92kg,도신초-개군중-야탑고-한화-상무
50,이원석,한화,외야수,31/3/99,177cm,69kg,화곡초-충암중-충암고
39,이재민,한화,투수,27/12/99,188cm,74kg,고양화수초(덕양구리틀)-양천중-상우고-호원대
96,이재용,한화,포수,28/2/99,182cm,86kg,장자초(구리리틀)-자양중-배재고-NC
112,이정재,한화,외야수,29/3/99,178cm,102kg,연현초-신흥중-동산고
45,이진영,한화,외야수,21/7/97,183cm,89kg,둔촌초-선린중-선린인터넷고-KIA-경찰-KIA
49,이충호,한화,투수,20/9/94,182cm,82kg,인헌초-선린중-충암고
46,이태양,한화,투수,3/7/90,192cm,97kg,여수서초-여수중-효천고-한화-SK-SSG
36,장민재,한화,투수,19/3/90,184cm,106kg,광주화정초-무등중-광주제일고
28,장시환,한화,투수,1/11/87,184cm,97kg,태안초-태안중-북일고-현대-히어로즈-상무-히어로즈-KT-롯데
30,장운호,한화,외야수,20/2/94,183cm,90kg,중대초-배명중-배재고-한화-상무
103,장웅정,한화,투수,11/4/97,181cm,76kg,수원신곡초-수원북중-유신고-동국대
69,장지수,한화,투수,25/5/00,179cm,80kg,사당초-강남중-성남고-KIA-상무-KIA
63,장지승,한화,외야수,4/7/98,185cm,94kg,고잔초(인천남동구리틀)-동방중-동산고-성균관대
51,장진혁,한화,외야수,30/9/93,184cm,90kg,광주화정초-충장중-광주제일고-단국대
,정민규,한화,내야수,10/1/03,183cm,101kg,광일초(부산서구리틀)-경남중-부산고-한화-상무
57,정우람,한화,투수,1/6/85,181cm,83kg,하단초-대동중-경남상고-SK
43,정은원,한화,내야수,17/1/00,177cm,84kg,상인천초-상인천중-인천고
67,정이황,한화,투수,7/3/00,190cm,89kg,부산수영초-경남중-부산고
118,조한민,한화,내야수,20/10/00,183cm,85kg,군산중앙초-군산중-대전고-한화-상무
66,주현상,한화,투수,10/8/92,177cm,92kg,청주우암초-청주중-청주고-동아대
22,채은성,한화,외야수,6/2/90,186cm,92kg,순천북초-순천이수중-효천고-LG
107,천보웅,한화,투수,3/4/00,185cm,70kg,인천숭의초-동인천중-제물포고-구미대
105,최원준,한화,내야수,1/5/04,188cm,84kg,청주남평초(청주시리틀)-세광중-청담고
41,최인호,한화,외야수,30/1/00,178cm,88kg,송정동초-광주동성중-포항제철고-한화-상무
13,최재훈,한화,포수,27/8/89,178cm,94kg,화곡초-덕수중-덕수고-(방송통신대)-두산-경찰-두산
20,페냐,한화,투수,25/1/90,188cm,99kg,도미니카 Centro de Desarrollo y Crecimiento Credy
16,하주석,한화,내야수,25/2/94,185cm,92kg,강남초-덕수중-신일고-한화-상무
94,한경빈,한화,내야수,11/12/98,178cm,69kg,인천서림초-상인천중-동산고-인천재능대
,한서구,한화,투수,4/12/03,191cm,98kg,석교초-세광중-대전고
59,한승주,한화,투수,17/3/01,184cm,83kg,부산수영초-대천중-부산고
26,한승혁,한화,투수,3/1/93,185cm,100kg,도신초-강남중-덕수고-(남부대)-KIA
48,허관회,한화,포수,12/2/99,176cm,93kg,경동초(의정부리틀)-건대부중-경기고
12,김건희,키움,투수,7/11/04,185cm,96kg,대전신흥초-온양중-원주고
43,김동규,키움,투수,9/7/04,195cm,100kg,서울청구초-영남중-성남고-LG
65,김동욱,고양,투수,16/5/97,178cm,83kg,(용산구리틀)-서울경원중-휘문고-홍익대
44,김동헌,키움,포수,15/7/04,182cm,91kg,영문초(영등포구리틀)-충암중-충암고
60,김동혁,키움,투수,27/12/01,185cm,84kg,(강남구리틀)-영동중-덕수고
37,김리안,고양,포수,25/11/03,183cm,87kg,가동초-휘문중-휘문고
0,김병휘,키움,내야수,16/2/01,177cm,79kg,효제초-홍은중-장충고
49,김선기,키움,투수,1/9/91,186cm,98kg,석교초-세광중-세광고-상무-히어로즈
34,김성진,키움,투수,14/11/97,183cm,77kg,율하초-포항제철중-부산정보고-계명대
31,김수환,키움,내야수,20/3/98,180cm,91kg,인천부일초(부평구리틀)-재능중-제물포고-히어로즈
26,김시앙,키움,포수,31/10/01,177cm,79kg,광주대성초-광주동성중-광주동성고
98,김신회,고양,외야수,14/7/99,177cm,75kg,둔촌초-배재중-제물포고
1,김웅빈,키움,내야수,9/2/96,182cm,97kg,서라벌초-울산제일중-울산공고-히어로즈-상무
28,김재웅,키움,투수,22/10/98,174cm,86kg,금교초(남양주리틀)-자양중-덕수고
32,김재현,키움,포수,18/3/93,178cm,90kg,진북초-전라중-대전고-히어로즈-상무
19,김정인,고양,투수,3/6/96,184cm,80kg,광주화정초-무등중-화순고-넥센-상무
6,김주형,키움,내야수,5/3/96,176cm,84kg,양정초-경남중-경남고-홍익대
10,김준완,키움,외야수,20/1/91,174cm,73kg,길동초-건대부중-장충고-고려대-NC-상무-NC
93,김준형,키움,투수,12/7/02,182cm,91kg,서울이수초-성남중-성남고
2,김태진,키움,내야수,7/10/95,170cm,73kg,수유초-신일중-신일고-NC-경찰-NC-KIA
3,김혜성,키움,내야수,27/1/99,180cm,80kg,문촌초(고양시리틀)-동산중-동산고-히어로즈
33,김휘집,키움,내야수,1/1/02,181cm,92kg,양목초(히어로즈리틀)-대치중-신일고
94,노운현,키움,투수,22/6/03,186cm,76kg,(부산북구리틀)-센텀중-경남고
27,도슨,키움,외야수,19/5/95,188cm,97kg,미국 Ohio State(대)
,러셀,키움,내야수,23/1/94,183cm,90kg,미국 Pace(고)-키움
22,맥키니,키움,투수,18/11/94,180cm,83kg,미국 William R.Boone(고)
21,문성현,키움,투수,9/11/91,180cm,89kg,남정초-선린중-충암고-히어로즈-상무-히어로즈
5,박성빈,고양,포수,21/4/04,178cm,94kg,한밭초(계룡시리틀)-충남중-대전고
14,박수종,키움,외야수,25/2/99,179cm,82kg,도신초-강남중-충암고-경성대
42,박승주,키움,투수,12/2/94,181cm,96kg,화계초-언북중-경기고-동국대-히어로즈
1,박윤성,고양,투수,8/2/04,183cm,96kg,부산수영초-개성중-경남고
,박주성,키움,투수,9/11/00,181cm,90kg,경동초(성동구리틀)-건대부중-경기고-키움-상무
68,박주현,고양,투수,19/6/96,184cm,112kg,강남초-덕수중-장충고-넥센
57,박주홍,키움,외야수,16/4/01,187cm,87kg,(하남시리틀)-건대부중-장충고
23,박준태,키움,외야수,26/7/91,182cm,88kg,부산대연초-부산중-개성고-인하대-KIA-경찰-KIA
101,박준형,고양,포수,7/3/99,177cm,89kg,화순초-무등중-광주제일고
48,박찬혁,키움,외야수,25/4/03,180cm,87kg,대전유천초(대전서구리틀)-한밭중-북일고
66,변시원,키움,투수,1/4/93,178cm,87kg,사파초-충암중-충암고-두산-경찰-두산-KIA
7,변헌성,고양,포수,18/5/04,181cm,91kg,원동초(오산시리틀)-대원중-유신고
9,서유신,고양,내야수,17/8/00,176cm,76kg,광주수창초-충장중-화순고-원광대
24,송성문,키움,내야수,29/8/96,183cm,88kg,봉천초(용산구리틀)-홍은중-장충고-히어로즈-키움-상무
63,송재선,키움,외야수,30/6/00,177cm,73kg,수유초-충암중-신일고-한일장신대
59,송정인,키움,투수,5/5/03,187cm,84kg,화곡초-선린중-야탑고
5,신준우,키움,내야수,21/6/01,176cm,80kg,대구수창초-경운중-대구고
8,안겸,고양,포수,15/6/04,181cm,83kg,가양초(강서구리틀)-강남중-배재고
41,안우진,키움,투수,30/8/99,192cm,90kg,강남초-서울이수중-휘문고-히어로즈
,양경식,고양,내야수,3/2/01,171cm,66kg,(인천남동구리틀)-동산중-제물포고
55,양지율,키움,투수,16/12/98,184cm,103kg,서울청구초-홍은중-장충고
39,양현,키움,투수,23/8/92,189cm,104kg,영랑초-한밭중-대전고-두산-상무-히어로즈
53,예진원,키움,외야수,16/3/99,174cm,82kg,양정초-부산중-경남고-히어로즈-키움-상무
0,오상원,키움,투수,21/7/04,184cm,82kg,온곡초(광진구리틀)-청원중-선린인터넷고
40,오윤성,고양,투수,10/12/98,183cm,80kg,인천서림초-신흥중-인천고-넥센
,요키시,키움,투수,29/7/89,188cm,93kg,미국 Northwestern(대)
4,우승원,키움,내야수,8/6/04,178cm,77kg,서울학동초-언북중-충암고
46,원종현,키움,투수,31/7/87,182cm,88kg,군산중앙초-군산중-군산상고-LG-경찰-NC
95,윤석원,키움,투수,4/7/03,184cm,81kg,부산대연초-개성중-부산고
99,윤정현,키움,투수,17/5/93,186cm,100kg,서원초-세광중-세광고
,이강준,키움,투수,14/12/01,180cm,80kg,서당초-설악중-설악고-KT-롯데-키움-상무
97,이명종,키움,투수,5/12/02,180cm,84kg,석교초-세광중-세광고
9,이병규,키움,외야수,5/10/94,175cm,73kg,광주서석초-배재중-배재고-송원대
91,이세호,고양,내야수,27/2/99,176cm,77kg,(영도구리틀)-마산동중-경주고-동아대
8,이승원,키움,내야수,2/7/04,185cm,75kg,도봉초(노원구리틀)-상명중-덕수고
47,이승호,키움,투수,8/2/99,187cm,95kg,김해삼성초-개성중-경남고-히어로즈
64,이영준,키움,투수,10/10/91,184cm,96kg,영일초-영남중-덕수고-단국대-KT-히어로즈
15,이용규,키움,외야수,26/8/85,170cm,74kg,성동초-잠신중-덕수정보고-LG-KIA-한화
17,이원석,키움,내야수,21/10/86,182cm,82kg,학강초-광주동성중-광주동성고-(세민디지털대)-롯데-두산-상무-두산-삼성
4,이재홍,고양,내야수,17/12/98,171cm,70kg,광주대성초-광주동성중-광주동성고-고려대
51,이정후,키움,외야수,20/8/98,185cm,86kg,광주서석초-휘문중-휘문고-히어로즈
54,이종민,키움,투수,4/6/01,185cm,96kg,성동초-덕수중-성남고
38,이주형,키움,내야수,2/4/01,183cm,80kg,송수초(해운대리틀)-센텀중-경남고-LG
,이주형,키움,내야수,5/7/02,183cm,105kg,이매초-매송중-야탑고-키움-상무
56,이지영,키움,포수,27/2/86,177cm,88kg,서화초-신흥중-제물포고-경성대-삼성-상무-삼성
36,이형종,키움,외야수,7/6/89,183cm,87kg,화곡초-양천중-서울고-LG
6,이호열,고양,내야수,17/11/04,179cm,80kg,(남양주리틀)-구리인창중-라온고
35,임병욱,키움,외야수,30/9/95,185cm,94kg,수원신곡초-배명중-덕수고-히어로즈-키움-상무
29,임지열,키움,내야수,22/8/95,180cm,94kg,대전신흥초-건대부중-덕수고-히어로즈-경찰
45,임창민,키움,투수,25/8/85,183cm,94kg,광주대성초-광주동성중-광주동성고-연세대-히어로즈-경찰-히어로즈-NC-두산
61,장재영,키움,투수,10/5/02,188cm,83kg,갈산초-서울신월중-덕수고
13,전병우,키움,내야수,24/10/92,182cm,93kg,동삼초-경남중-개성고-동아대-롯데
62,정연제,고양,투수,14/8/98,186cm,102kg,인천서림초-원주중-세광고-한일장신대
58,정찬헌,키움,투수,26/1/90,186cm,95kg,송정동초-충장중-광주제일고-LG
100,정현민,고양,내야수,14/9/99,175cm,83kg,수원탑동초(수원권선구리틀)-대원중-율곡고
20,조영건,키움,투수,4/2/99,180cm,85kg,대전신흥초-충남중-백송고
25,주성원,키움,외야수,30/8/00,180cm,95kg,부산대연초(남구리틀)-신정중-개성고
96,주승빈,고양,투수,6/3/04,182cm,84kg,구운초(수원권선구리틀)-영동중-서울고
30,주승우,키움,투수,30/1/00,185cm,82kg,송추초(의정부리틀)-영동중-서울고-성균관대
50,하영민,키움,투수,7/5/95,180cm,74kg,광주수창초-진흥중-진흥고-히어로즈
67,홍성민,키움,투수,15/7/89,191cm,87kg,노암초-경포중-강릉고-한양대-KIA-롯데-경찰-롯데-NC
75,후라도,키움,투수,30/1/96,188cm,109kg,파나마 San Judas Tadeo(고)